date,Payweek,Weekends,Holidays,Festival,Day_of_Month,Day_of_Week,Week_YearWise,Week_QuarterWise
2014-01-01,1,0,1,1,1,4,1,1
2014-01-02,1,1,0,0,2,5,1,1
2014-01-03,0,1,0,0,3,6,1,1
2014-01-04,0,1,0,0,4,7,1,1
2014-01-05,0,0,0,0,5,1,2,2
2014-01-06,0,0,0,0,6,2,2,2
2014-01-07,0,0,0,0,7,3,2,2
2014-01-08,0,0,0,0,8,4,2,2
2014-01-09,0,1,0,0,9,5,2,2
2014-01-10,0,1,0,0,10,6,2,2
2014-01-11,0,1,0,0,11,7,2,2
2014-01-12,0,0,0,0,12,1,3,3
2014-01-13,0,0,1,1,13,2,3,3
2014-01-14,0,0,0,0,14,3,3,3
2014-01-15,0,0,0,0,15,4,3,3
2014-01-16,0,1,0,0,16,5,3,3
2014-01-17,0,1,0,0,17,6,3,3
2014-01-18,0,1,0,0,18,7,3,3
2014-01-19,0,0,0,0,19,1,4,4
2014-01-20,0,0,0,0,20,2,4,4
2014-01-21,0,0,0,0,21,3,4,4
2014-01-22,0,0,0,0,22,4,4,4
2014-01-23,0,1,0,0,23,5,4,4
2014-01-24,0,1,0,0,24,6,4,4
2014-01-25,1,1,0,0,25,7,4,4
2014-01-26,1,0,0,0,26,1,5,5
2014-01-27,1,0,0,0,27,2,5,5
2014-01-28,1,0,0,0,28,3,5,5
2014-01-29,1,0,0,0,29,4,5,5
2014-01-30,1,1,0,0,30,5,5,5
2014-01-31,1,1,0,0,31,6,5,5
2014-02-01,1,1,0,0,1,7,5,5
2014-02-02,1,0,0,0,2,1,6,6
2014-02-03,0,0,0,0,3,2,6,6
2014-02-04,0,0,0,0,4,3,6,6
2014-02-05,0,0,0,0,5,4,6,6
2014-02-06,0,1,0,0,6,5,6,6
2014-02-07,0,1,0,0,7,6,6,6
2014-02-08,0,1,0,0,8,7,6,6
2014-02-09,0,0,0,0,9,1,7,7
2014-02-10,0,0,0,0,10,2,7,7
2014-02-11,0,0,0,0,11,3,7,7
2014-02-12,0,0,0,0,12,4,7,7
2014-02-13,0,1,0,0,13,5,7,7
2014-02-14,0,1,0,0,14,6,7,7
2014-02-15,0,1,0,0,15,7,7,7
2014-02-16,0,0,0,0,16,1,8,8
2014-02-17,0,0,0,0,17,2,8,8
2014-02-18,0,0,0,0,18,3,8,8
2014-02-19,0,0,0,0,19,4,8,8
2014-02-20,0,1,0,0,20,5,8,8
2014-02-21,0,1,0,0,21,6,8,8
2014-02-22,0,1,0,0,22,7,8,8
2014-02-23,0,0,0,0,23,1,9,9
2014-02-24,0,0,0,0,24,2,9,9
2014-02-25,1,0,0,0,25,3,9,9
2014-02-26,1,0,0,0,26,4,9,9
2014-02-27,1,1,0,0,27,5,9,9
2014-02-28,1,1,0,0,28,6,9,9
2014-03-01,1,1,0,0,1,7,9,9
2014-03-02,1,0,0,0,2,1,10,10
2014-03-03,0,0,0,0,3,2,10,10
2014-03-04,0,0,0,0,4,3,10,10
2014-03-05,0,0,0,0,5,4,10,10
2014-03-06,0,1,0,0,6,5,10,10
2014-03-07,0,1,0,0,7,6,10,10
2014-03-08,0,1,0,0,8,7,10,10
2014-03-09,0,0,0,0,9,1,11,11
2014-03-10,0,0,0,0,10,2,11,11
2014-03-11,0,0,0,0,11,3,11,11
2014-03-12,0,0,0,0,12,4,11,11
2014-03-13,0,1,0,0,13,5,11,11
2014-03-14,0,1,0,0,14,6,11,11
2014-03-15,0,1,0,0,15,7,11,11
2014-03-16,0,0,0,0,16,1,12,12
2014-03-17,0,0,0,0,17,2,12,12
2014-03-18,0,0,0,0,18,3,12,12
2014-03-19,0,0,0,0,19,4,12,12
2014-03-20,0,1,0,0,20,5,12,12
2014-03-21,0,1,0,0,21,6,12,12
2014-03-22,0,1,0,0,22,7,12,12
2014-03-23,0,0,0,0,23,1,13,13
2014-03-24,0,0,0,0,24,2,13,13
2014-03-25,1,0,0,0,25,3,13,13
2014-03-26,1,0,0,0,26,4,13,13
2014-03-27,1,1,0,0,27,5,13,13
2014-03-28,1,1,0,0,28,6,13,13
2014-03-29,1,1,0,0,29,7,13,13
2014-03-30,1,0,0,0,30,1,14,14
2014-03-31,1,0,0,0,31,2,14,14
2014-04-01,1,0,0,0,1,3,14,1
2014-04-02,1,0,0,0,2,4,14,1
2014-04-03,0,1,0,0,3,5,14,1
2014-04-04,0,1,0,0,4,6,14,1
2014-04-05,0,1,0,0,5,7,14,1
2014-04-06,0,0,0,0,6,1,15,2
2014-04-07,0,0,0,0,7,2,15,2
2014-04-08,0,0,0,0,8,3,15,2
2014-04-09,0,0,0,0,9,4,15,2
2014-04-10,0,1,0,0,10,5,15,2
2014-04-11,0,1,0,0,11,6,15,2
2014-04-12,0,1,0,0,12,7,15,2
2014-04-13,0,0,0,0,13,1,16,3
2014-04-14,0,0,0,0,14,2,16,3
2014-04-15,0,0,0,0,15,3,16,3
2014-04-16,0,0,0,0,16,4,16,3
2014-04-17,0,1,0,0,17,5,16,3
2014-04-18,0,1,0,0,18,6,16,3
2014-04-19,0,1,0,0,19,7,16,3
2014-04-20,0,0,0,0,20,1,17,4
2014-04-21,0,0,0,0,21,2,17,4
2014-04-22,0,0,0,0,22,3,17,4
2014-04-23,0,0,0,0,23,4,17,4
2014-04-24,0,1,0,0,24,5,17,4
2014-04-25,1,1,0,0,25,6,17,4
2014-04-26,1,1,0,0,26,7,17,4
2014-04-27,1,0,0,0,27,1,18,5
2014-04-28,1,0,0,0,28,2,18,5
2014-04-29,1,0,0,0,29,3,18,5
2014-04-30,1,0,0,0,30,4,18,5
2014-05-01,1,1,0,0,1,5,18,5
2014-05-02,1,1,0,0,2,6,18,5
2014-05-03,0,1,0,0,3,7,18,5
2014-05-04,0,0,0,0,4,1,19,6
2014-05-05,0,0,0,0,5,2,19,6
2014-05-06,0,0,0,0,6,3,19,6
2014-05-07,0,0,0,0,7,4,19,6
2014-05-08,0,1,0,0,8,5,19,6
2014-05-09,0,1,0,0,9,6,19,6
2014-05-10,0,1,0,0,10,7,19,6
2014-05-11,0,0,0,0,11,1,20,7
2014-05-12,0,0,0,0,12,2,20,7
2014-05-13,0,0,0,0,13,3,20,7
2014-05-14,0,0,0,0,14,4,20,7
2014-05-15,0,1,0,0,15,5,20,7
2014-05-16,0,1,0,0,16,6,20,7
2014-05-17,0,1,0,0,17,7,20,7
2014-05-18,0,0,0,0,18,1,21,8
2014-05-19,0,0,0,0,19,2,21,8
2014-05-20,0,0,0,0,20,3,21,8
2014-05-21,0,0,0,0,21,4,21,8
2014-05-22,0,1,0,0,22,5,21,8
2014-05-23,0,1,0,0,23,6,21,8
2014-05-24,0,1,0,0,24,7,21,8
2014-05-25,1,0,0,0,25,1,22,9
2014-05-26,1,0,1,1,26,2,22,9
2014-05-27,1,0,0,0,27,3,22,9
2014-05-28,1,0,0,0,28,4,22,9
2014-05-29,1,1,0,0,29,5,22,9
2014-05-30,1,1,0,0,30,6,22,9
2014-05-31,1,1,0,0,31,7,22,9
2014-06-01,1,0,0,0,1,1,23,10
2014-06-02,1,0,0,0,2,2,23,10
2014-06-03,0,0,0,0,3,3,23,10
2014-06-04,0,0,0,0,4,4,23,10
2014-06-05,0,1,0,0,5,5,23,10
2014-06-06,0,1,0,0,6,6,23,10
2014-06-07,0,1,0,0,7,7,23,10
2014-06-08,0,0,0,0,8,1,24,11
2014-06-09,0,0,0,0,9,2,24,11
2014-06-10,0,0,0,0,10,3,24,11
2014-06-11,0,0,0,0,11,4,24,11
2014-06-12,0,1,0,0,12,5,24,11
2014-06-13,0,1,0,0,13,6,24,11
2014-06-14,0,1,0,0,14,7,24,11
2014-06-15,0,0,0,0,15,1,25,12
2014-06-16,0,0,0,0,16,2,25,12
2014-06-17,0,0,0,0,17,3,25,12
2014-06-18,0,0,0,0,18,4,25,12
2014-06-19,0,1,0,0,19,5,25,12
2014-06-20,0,1,0,0,20,6,25,12
2014-06-21,0,1,0,0,21,7,25,12
2014-06-22,0,0,0,0,22,1,26,13
2014-06-23,0,0,0,0,23,2,26,13
2014-06-24,0,0,0,0,24,3,26,13
2014-06-25,1,0,0,0,25,4,26,13
2014-06-26,1,1,0,0,26,5,26,13
2014-06-27,1,1,0,0,27,6,26,13
2014-06-28,1,1,0,1,28,7,26,13
2014-06-29,1,0,0,1,29,1,27,14
2014-06-30,1,0,0,1,30,2,27,14
2014-07-01,1,0,0,1,1,3,27,1
2014-07-02,1,0,0,1,2,4,27,1
2014-07-03,0,1,0,1,3,5,27,1
2014-07-04,0,1,0,1,4,6,27,1
2014-07-05,0,1,0,1,5,7,27,1
2014-07-06,0,0,0,1,6,1,28,2
2014-07-07,0,0,0,1,7,2,28,2
2014-07-08,0,0,0,1,8,3,28,2
2014-07-09,0,0,0,1,9,4,28,2
2014-07-10,0,1,0,1,10,5,28,2
2014-07-11,0,1,0,1,11,6,28,2
2014-07-12,0,1,0,1,12,7,28,2
2014-07-13,0,0,0,1,13,1,29,3
2014-07-14,0,0,0,1,14,2,29,3
2014-07-15,0,0,0,1,15,3,29,3
2014-07-16,0,0,0,1,16,4,29,3
2014-07-17,0,1,0,1,17,5,29,3
2014-07-18,0,1,0,1,18,6,29,3
2014-07-19,0,1,0,1,19,7,29,3
2014-07-20,0,0,0,1,20,1,30,4
2014-07-21,0,0,0,1,21,2,30,4
2014-07-22,0,0,0,1,22,3,30,4
2014-07-23,0,0,0,1,23,4,30,4
2014-07-24,0,1,0,1,24,5,30,4
2014-07-25,1,1,0,1,25,6,30,4
2014-07-26,1,1,0,1,26,7,30,4
2014-07-27,1,0,0,1,27,1,31,5
2014-07-28,1,0,1,1,28,2,31,5
2014-07-29,1,0,1,1,29,3,31,5
2014-07-30,1,0,0,0,30,4,31,5
2014-07-31,1,1,0,0,31,5,31,5
2014-08-01,1,1,0,0,1,6,31,5
2014-08-02,1,1,0,0,2,7,31,5
2014-08-03,0,0,0,0,3,1,32,6
2014-08-04,0,0,0,0,4,2,32,6
2014-08-05,0,0,0,0,5,3,32,6
2014-08-06,0,0,0,0,6,4,32,6
2014-08-07,0,1,0,0,7,5,32,6
2014-08-08,0,1,0,0,8,6,32,6
2014-08-09,0,1,0,0,9,7,32,6
2014-08-10,0,0,0,0,10,1,33,7
2014-08-11,0,0,0,0,11,2,33,7
2014-08-12,0,0,0,0,12,3,33,7
2014-08-13,0,0,0,0,13,4,33,7
2014-08-14,0,1,0,0,14,5,33,7
2014-08-15,0,1,0,0,15,6,33,7
2014-08-16,0,1,0,0,16,7,33,7
2014-08-17,0,0,0,0,17,1,34,8
2014-08-18,0,0,0,0,18,2,34,8
2014-08-19,0,0,0,0,19,3,34,8
2014-08-20,0,0,0,0,20,4,34,8
2014-08-21,0,1,0,0,21,5,34,8
2014-08-22,0,1,0,0,22,6,34,8
2014-08-23,0,1,0,0,23,7,34,8
2014-08-24,0,0,0,0,24,1,35,9
2014-08-25,1,0,0,0,25,2,35,9
2014-08-26,1,0,0,0,26,3,35,9
2014-08-27,1,0,0,0,27,4,35,9
2014-08-28,1,1,0,0,28,5,35,9
2014-08-29,1,1,0,0,29,6,35,9
2014-08-30,1,1,0,0,30,7,35,9
2014-08-31,1,0,0,0,31,1,36,10
2014-09-01,1,0,0,0,1,2,36,10
2014-09-02,1,0,0,0,2,3,36,10
2014-09-03,0,0,0,0,3,4,36,10
2014-09-04,0,1,0,0,4,5,36,10
2014-09-05,0,1,0,0,5,6,36,10
2014-09-06,0,1,0,0,6,7,36,10
2014-09-07,0,0,0,0,7,1,37,11
2014-09-08,0,0,0,0,8,2,37,11
2014-09-09,0,0,0,0,9,3,37,11
2014-09-10,0,0,0,0,10,4,37,11
2014-09-11,0,1,0,0,11,5,37,11
2014-09-12,0,1,0,0,12,6,37,11
2014-09-13,0,1,0,0,13,7,37,11
2014-09-14,0,0,0,0,14,1,38,12
2014-09-15,0,0,0,0,15,2,38,12
2014-09-16,0,0,0,0,16,3,38,12
2014-09-17,0,0,0,0,17,4,38,12
2014-09-18,0,1,0,0,18,5,38,12
2014-09-19,0,1,0,0,19,6,38,12
2014-09-20,0,1,0,0,20,7,38,12
2014-09-21,0,0,0,0,21,1,39,13
2014-09-22,0,0,0,0,22,2,39,13
2014-09-23,0,0,0,0,23,3,39,13
2014-09-24,0,0,0,0,24,4,39,13
2014-09-25,1,1,0,0,25,5,39,13
2014-09-26,1,1,0,0,26,6,39,13
2014-09-27,1,1,0,0,27,7,39,13
2014-09-28,1,0,0,0,28,1,40,14
2014-09-29,1,0,0,0,29,2,40,14
2014-09-30,1,0,0,0,30,3,40,14
2014-10-01,1,0,0,0,1,4,40,1
2014-10-02,1,1,0,0,2,5,40,1
2014-10-03,0,1,1,1,3,6,40,1
2014-10-04,0,1,1,1,4,7,40,1
2014-10-05,0,0,1,1,5,1,41,2
2014-10-06,0,0,1,1,6,2,41,2
2014-10-07,0,0,0,0,7,3,41,2
2014-10-08,0,0,0,0,8,4,41,2
2014-10-09,0,1,0,0,9,5,41,2
2014-10-10,0,1,0,0,10,6,41,2
2014-10-11,0,1,0,0,11,7,41,2
2014-10-12,0,0,0,0,12,1,42,3
2014-10-13,0,0,0,0,13,2,42,3
2014-10-14,0,0,0,0,14,3,42,3
2014-10-15,0,0,0,0,15,4,42,3
2014-10-16,0,1,0,0,16,5,42,3
2014-10-17,0,1,0,0,17,6,42,3
2014-10-18,0,1,0,0,18,7,42,3
2014-10-19,0,0,0,0,19,1,43,4
2014-10-20,0,0,0,0,20,2,43,4
2014-10-21,0,0,0,0,21,3,43,4
2014-10-22,0,0,0,0,22,4,43,4
2014-10-23,0,1,0,1,23,5,43,4
2014-10-24,0,1,0,0,24,6,43,4
2014-10-25,1,1,1,1,25,7,43,4
2014-10-26,1,0,0,0,26,1,44,5
2014-10-27,1,0,0,0,27,2,44,5
2014-10-28,1,0,0,0,28,3,44,5
2014-10-29,1,0,0,0,29,4,44,5
2014-10-30,1,1,0,0,30,5,44,5
2014-10-31,1,1,0,1,31,6,44,5
2014-11-01,1,1,0,0,1,7,44,5
2014-11-02,1,0,0,0,2,1,45,6
2014-11-03,0,0,0,0,3,2,45,6
2014-11-04,0,0,0,0,4,3,45,6
2014-11-05,0,0,0,0,5,4,45,6
2014-11-06,0,1,0,0,6,5,45,6
2014-11-07,0,1,0,0,7,6,45,6
2014-11-08,0,1,0,0,8,7,45,6
2014-11-09,0,0,0,0,9,1,46,7
2014-11-10,0,0,0,0,10,2,46,7
2014-11-11,0,0,0,0,11,3,46,7
2014-11-12,0,0,0,0,12,4,46,7
2014-11-13,0,1,0,0,13,5,46,7
2014-11-14,0,1,0,0,14,6,46,7
2014-11-15,0,1,0,0,15,7,46,7
2014-11-16,0,0,0,0,16,1,47,8
2014-11-17,0,0,0,0,17,2,47,8
2014-11-18,0,0,0,0,18,3,47,8
2014-11-19,0,0,0,0,19,4,47,8
2014-11-20,0,1,0,0,20,5,47,8
2014-11-21,0,1,0,0,21,6,47,8
2014-11-22,0,1,0,0,22,7,47,8
2014-11-23,0,0,0,0,23,1,48,9
2014-11-24,0,0,0,0,24,2,48,9
2014-11-25,1,0,0,0,25,3,48,9
2014-11-26,1,0,0,0,26,4,48,9
2014-11-27,1,1,0,1,27,5,48,9
2014-11-28,1,1,0,1,28,6,48,9
2014-11-29,1,1,0,0,29,7,48,9
2014-11-30,1,0,0,0,30,1,49,10
2014-12-01,1,0,0,0,1,2,49,10
2014-12-02,1,0,1,1,2,3,49,10
2014-12-03,0,0,0,0,3,4,49,10
2014-12-04,0,1,0,0,4,5,49,10
2014-12-05,0,1,0,0,5,6,49,10
2014-12-06,0,1,0,0,6,7,49,10
2014-12-07,0,0,0,0,7,1,50,11
2014-12-08,0,0,0,0,8,2,50,11
2014-12-09,0,0,0,0,9,3,50,11
2014-12-10,0,0,0,0,10,4,50,11
2014-12-11,0,1,0,0,11,5,50,11
2014-12-12,0,1,0,0,12,6,50,11
2014-12-13,0,1,0,0,13,7,50,11
2014-12-14,0,0,0,0,14,1,51,12
2014-12-15,0,0,0,0,15,2,51,12
2014-12-16,0,0,0,0,16,3,51,12
2014-12-17,0,0,0,0,17,4,51,12
2014-12-18,0,1,0,0,18,5,51,12
2014-12-19,0,1,0,0,19,6,51,12
2014-12-20,0,1,0,0,20,7,51,12
2014-12-21,0,0,0,0,21,1,52,13
2014-12-22,0,0,0,0,22,2,52,13
2014-12-23,0,0,0,0,23,3,52,13
2014-12-24,0,0,0,1,24,4,52,13
2014-12-25,1,1,0,1,25,5,52,13
2014-12-26,1,1,0,0,26,6,52,13
2014-12-27,1,1,0,0,27,7,52,13
2014-12-28,1,0,0,0,28,1,53,14
2014-12-29,1,0,0,0,29,2,53,14
2014-12-30,1,0,0,0,30,3,53,14
2014-12-31,1,0,0,1,31,4,53,14
2015-01-01,1,1,1,1,1,5,1,1
2015-01-02,1,1,0,0,2,6,1,1
2015-01-03,0,1,1,1,3,7,1,1
2015-01-04,0,0,0,0,4,1,2,2
2015-01-05,0,0,0,0,5,2,2,2
2015-01-06,0,0,0,0,6,3,2,2
2015-01-07,0,0,0,0,7,4,2,2
2015-01-08,0,1,0,0,8,5,2,2
2015-01-09,0,1,0,0,9,6,2,2
2015-01-10,0,1,0,0,10,7,2,2
2015-01-11,0,0,0,0,11,1,3,3
2015-01-12,0,0,0,0,12,2,3,3
2015-01-13,0,0,0,0,13,3,3,3
2015-01-14,0,0,0,0,14,4,3,3
2015-01-15,0,1,0,0,15,5,3,3
2015-01-16,0,1,0,0,16,6,3,3
2015-01-17,0,1,0,0,17,7,3,3
2015-01-18,0,0,0,0,18,1,4,4
2015-01-19,0,0,0,0,19,2,4,4
2015-01-20,0,0,0,0,20,3,4,4
2015-01-21,0,0,0,0,21,4,4,4
2015-01-22,0,1,0,0,22,5,4,4
2015-01-23,0,1,0,0,23,6,4,4
2015-01-24,0,1,0,0,24,7,4,4
2015-01-25,1,0,0,0,25,1,5,5
2015-01-26,1,0,0,0,26,2,5,5
2015-01-27,1,0,0,0,27,3,5,5
2015-01-28,1,0,0,0,28,4,5,5
2015-01-29,1,1,0,0,29,5,5,5
2015-01-30,1,1,0,0,30,6,5,5
2015-01-31,1,1,0,0,31,7,5,5
2015-02-01,1,0,0,0,1,1,6,6
2015-02-02,1,0,0,0,2,2,6,6
2015-02-03,0,0,0,0,3,3,6,6
2015-02-04,0,0,0,0,4,4,6,6
2015-02-05,0,1,0,0,5,5,6,6
2015-02-06,0,1,0,0,6,6,6,6
2015-02-07,0,1,0,0,7,7,6,6
2015-02-08,0,0,0,0,8,1,7,7
2015-02-09,0,0,0,0,9,2,7,7
2015-02-10,0,0,0,0,10,3,7,7
2015-02-11,0,0,0,0,11,4,7,7
2015-02-12,0,1,0,0,12,5,7,7
2015-02-13,0,1,0,0,13,6,7,7
2015-02-14,0,1,0,0,14,7,7,7
2015-02-15,0,0,0,0,15,1,8,8
2015-02-16,0,0,0,0,16,2,8,8
2015-02-17,0,0,0,0,17,3,8,8
2015-02-18,0,0,0,0,18,4,8,8
2015-02-19,0,1,0,0,19,5,8,8
2015-02-20,0,1,0,0,20,6,8,8
2015-02-21,0,1,0,0,21,7,8,8
2015-02-22,0,0,0,0,22,1,9,9
2015-02-23,0,0,0,0,23,2,9,9
2015-02-24,0,0,0,0,24,3,9,9
2015-02-25,1,0,0,0,25,4,9,9
2015-02-26,1,1,0,0,26,5,9,9
2015-02-27,1,1,0,0,27,6,9,9
2015-02-28,1,1,0,0,28,7,9,9
2015-03-01,1,0,0,0,1,1,10,10
2015-03-02,1,0,0,0,2,2,10,10
2015-03-03,0,0,0,0,3,3,10,10
2015-03-04,0,0,0,0,4,4,10,10
2015-03-05,0,1,0,0,5,5,10,10
2015-03-06,0,1,0,0,6,6,10,10
2015-03-07,0,1,0,0,7,7,10,10
2015-03-08,0,0,0,0,8,1,11,11
2015-03-09,0,0,0,0,9,2,11,11
2015-03-10,0,0,0,0,10,3,11,11
2015-03-11,0,0,0,0,11,4,11,11
2015-03-12,0,1,0,0,12,5,11,11
2015-03-13,0,1,0,0,13,6,11,11
2015-03-14,0,1,0,0,14,7,11,11
2015-03-15,0,0,0,0,15,1,12,12
2015-03-16,0,0,0,0,16,2,12,12
2015-03-17,0,0,0,0,17,3,12,12
2015-03-18,0,0,0,0,18,4,12,12
2015-03-19,0,1,0,0,19,5,12,12
2015-03-20,0,1,0,0,20,6,12,12
2015-03-21,0,1,0,0,21,7,12,12
2015-03-22,0,0,0,0,22,1,13,13
2015-03-23,0,0,0,0,23,2,13,13
2015-03-24,0,0,0,0,24,3,13,13
2015-03-25,1,0,0,0,25,4,13,13
2015-03-26,1,1,0,0,26,5,13,13
2015-03-27,1,1,0,0,27,6,13,13
2015-03-28,1,1,0,0,28,7,13,13
2015-03-29,1,0,0,0,29,1,14,14
2015-03-30,1,0,0,0,30,2,14,14
2015-03-31,1,0,0,0,31,3,14,14
2015-04-01,1,0,0,0,1,4,14,1
2015-04-02,1,1,0,0,2,5,14,1
2015-04-03,0,1,0,0,3,6,14,1
2015-04-04,0,1,0,0,4,7,14,1
2015-04-05,0,0,0,0,5,1,15,2
2015-04-06,0,0,0,0,6,2,15,2
2015-04-07,0,0,0,0,7,3,15,2
2015-04-08,0,0,0,0,8,4,15,2
2015-04-09,0,1,0,0,9,5,15,2
2015-04-10,0,1,0,0,10,6,15,2
2015-04-11,0,1,0,0,11,7,15,2
2015-04-12,0,0,0,0,12,1,16,3
2015-04-13,0,0,0,0,13,2,16,3
2015-04-14,0,0,0,0,14,3,16,3
2015-04-15,0,0,0,0,15,4,16,3
2015-04-16,0,1,0,0,16,5,16,3
2015-04-17,0,1,0,0,17,6,16,3
2015-04-18,0,1,0,0,18,7,16,3
2015-04-19,0,0,0,0,19,1,17,4
2015-04-20,0,0,0,0,20,2,17,4
2015-04-21,0,0,0,0,21,3,17,4
2015-04-22,0,0,0,0,22,4,17,4
2015-04-23,0,1,0,0,23,5,17,4
2015-04-24,0,1,0,0,24,6,17,4
2015-04-25,1,1,0,0,25,7,17,4
2015-04-26,1,0,0,0,26,1,18,5
2015-04-27,1,0,0,0,27,2,18,5
2015-04-28,1,0,0,0,28,3,18,5
2015-04-29,1,0,0,0,29,4,18,5
2015-04-30,1,1,0,0,30,5,18,5
2015-05-01,1,1,0,0,1,6,18,5
2015-05-02,1,1,0,0,2,7,18,5
2015-05-03,0,0,0,0,3,1,19,6
2015-05-04,0,0,0,0,4,2,19,6
2015-05-05,0,0,0,0,5,3,19,6
2015-05-06,0,0,0,0,6,4,19,6
2015-05-07,0,1,0,0,7,5,19,6
2015-05-08,0,1,0,0,8,6,19,6
2015-05-09,0,1,0,0,9,7,19,6
2015-05-10,0,0,0,0,10,1,20,7
2015-05-11,0,0,0,0,11,2,20,7
2015-05-12,0,0,0,0,12,3,20,7
2015-05-13,0,0,0,0,13,4,20,7
2015-05-14,0,1,0,0,14,5,20,7
2015-05-15,0,1,0,0,15,6,20,7
2015-05-16,0,1,1,1,16,7,20,7
2015-05-17,0,0,0,0,17,1,21,8
2015-05-18,0,0,0,0,18,2,21,8
2015-05-19,0,0,0,0,19,3,21,8
2015-05-20,0,0,0,0,20,4,21,8
2015-05-21,0,1,0,0,21,5,21,8
2015-05-22,0,1,0,0,22,6,21,8
2015-05-23,0,1,0,0,23,7,21,8
2015-05-24,0,0,0,0,24,1,22,9
2015-05-25,1,0,0,0,25,2,22,9
2015-05-26,1,0,0,0,26,3,22,9
2015-05-27,1,0,0,0,27,4,22,9
2015-05-28,1,1,0,0,28,5,22,9
2015-05-29,1,1,0,0,29,6,22,9
2015-05-30,1,1,0,0,30,7,22,9
2015-05-31,1,0,0,0,31,1,23,10
2015-06-01,1,0,0,0,1,2,23,10
2015-06-02,1,0,0,0,2,3,23,10
2015-06-03,0,0,0,0,3,4,23,10
2015-06-04,0,1,0,0,4,5,23,10
2015-06-05,0,1,0,0,5,6,23,10
2015-06-06,0,1,0,0,6,7,23,10
2015-06-07,0,0,0,0,7,1,24,11
2015-06-08,0,0,0,0,8,2,24,11
2015-06-09,0,0,0,0,9,3,24,11
2015-06-10,0,0,0,0,10,4,24,11
2015-06-11,0,1,0,0,11,5,24,11
2015-06-12,0,1,0,0,12,6,24,11
2015-06-13,0,1,0,0,13,7,24,11
2015-06-14,0,0,0,0,14,1,25,12
2015-06-15,0,0,0,0,15,2,25,12
2015-06-16,0,0,0,0,16,3,25,12
2015-06-17,0,0,0,1,17,4,25,12
2015-06-18,0,1,0,1,18,5,25,12
2015-06-19,0,1,0,1,19,6,25,12
2015-06-20,0,1,0,1,20,7,25,12
2015-06-21,0,0,0,1,21,1,26,13
2015-06-22,0,0,0,1,22,2,26,13
2015-06-23,0,0,0,1,23,3,26,13
2015-06-24,0,0,0,1,24,4,26,13
2015-06-25,1,1,0,1,25,5,26,13
2015-06-26,1,1,0,1,26,6,26,13
2015-06-27,1,1,0,1,27,7,26,13
2015-06-28,1,0,0,1,28,1,27,14
2015-06-29,1,0,0,1,29,2,27,14
2015-06-30,1,0,0,1,30,3,27,14
2015-07-01,1,0,0,1,1,4,27,1
2015-07-02,1,1,0,1,2,5,27,1
2015-07-03,0,1,0,1,3,6,27,1
2015-07-04,0,1,0,1,4,7,27,1
2015-07-05,0,0,0,1,5,1,28,2
2015-07-06,0,0,0,1,6,2,28,2
2015-07-07,0,0,0,1,7,3,28,2
2015-07-08,0,0,0,1,8,4,28,2
2015-07-09,0,1,0,1,9,5,28,2
2015-07-10,0,1,0,1,10,6,28,2
2015-07-11,0,1,0,1,11,7,28,2
2015-07-12,0,0,0,1,12,1,29,3
2015-07-13,0,0,0,1,13,2,29,3
2015-07-14,0,0,0,1,14,3,29,3
2015-07-15,0,0,0,1,15,4,29,3
2015-07-16,0,1,1,1,16,5,29,3
2015-07-17,0,1,1,1,17,6,29,3
2015-07-18,0,1,1,1,18,7,29,3
2015-07-19,0,0,0,0,19,1,30,4
2015-07-20,0,0,0,0,20,2,30,4
2015-07-21,0,0,0,0,21,3,30,4
2015-07-22,0,0,0,0,22,4,30,4
2015-07-23,0,1,0,0,23,5,30,4
2015-07-24,0,1,0,0,24,6,30,4
2015-07-25,1,1,0,0,25,7,30,4
2015-07-26,1,0,0,0,26,1,31,5
2015-07-27,1,0,0,0,27,2,31,5
2015-07-28,1,0,0,0,28,3,31,5
2015-07-29,1,0,0,0,29,4,31,5
2015-07-30,1,1,0,0,30,5,31,5
2015-07-31,1,1,0,0,31,6,31,5
2015-08-01,1,1,0,0,1,7,31,5
2015-08-02,1,0,0,0,2,1,32,6
2015-08-03,0,0,0,0,3,2,32,6
2015-08-04,0,0,0,0,4,3,32,6
2015-08-05,0,0,0,0,5,4,32,6
2015-08-06,0,1,0,0,6,5,32,6
2015-08-07,0,1,0,0,7,6,32,6
2015-08-08,0,1,0,0,8,7,32,6
2015-08-09,0,0,0,0,9,1,33,7
2015-08-10,0,0,0,0,10,2,33,7
2015-08-11,0,0,0,0,11,3,33,7
2015-08-12,0,0,0,0,12,4,33,7
2015-08-13,0,1,0,0,13,5,33,7
2015-08-14,0,1,0,0,14,6,33,7
2015-08-15,0,1,0,0,15,7,33,7
2015-08-16,0,0,0,0,16,1,34,8
2015-08-17,0,0,0,0,17,2,34,8
2015-08-18,0,0,0,0,18,3,34,8
2015-08-19,0,0,0,0,19,4,34,8
2015-08-20,0,1,0,0,20,5,34,8
2015-08-21,0,1,0,0,21,6,34,8
2015-08-22,0,1,0,0,22,7,34,8
2015-08-23,0,0,0,0,23,1,35,9
2015-08-24,0,0,0,0,24,2,35,9
2015-08-25,1,0,0,0,25,3,35,9
2015-08-26,1,0,0,0,26,4,35,9
2015-08-27,1,1,0,0,27,5,35,9
2015-08-28,1,1,0,0,28,6,35,9
2015-08-29,1,1,0,0,29,7,35,9
2015-08-30,1,0,0,0,30,1,36,10
2015-08-31,1,0,0,0,31,2,36,10
2015-09-01,1,0,0,0,1,3,36,10
2015-09-02,1,0,0,0,2,4,36,10
2015-09-03,0,1,0,0,3,5,36,10
2015-09-04,0,1,0,0,4,6,36,10
2015-09-05,0,1,0,0,5,7,36,10
2015-09-06,0,0,0,0,6,1,37,11
2015-09-07,0,0,0,0,7,2,37,11
2015-09-08,0,0,0,0,8,3,37,11
2015-09-09,0,0,0,0,9,4,37,11
2015-09-10,0,1,0,0,10,5,37,11
2015-09-11,0,1,0,0,11,6,37,11
2015-09-12,0,1,0,0,12,7,37,11
2015-09-13,0,0,0,0,13,1,38,12
2015-09-14,0,0,0,0,14,2,38,12
2015-09-15,0,0,0,0,15,3,38,12
2015-09-16,0,0,0,0,16,4,38,12
2015-09-17,0,1,0,0,17,5,38,12
2015-09-18,0,1,0,0,18,6,38,12
2015-09-19,0,1,0,0,19,7,38,12
2015-09-20,0,0,0,0,20,1,39,13
2015-09-21,0,0,0,0,21,2,39,13
2015-09-22,0,0,1,1,22,3,39,13
2015-09-23,0,0,1,1,23,4,39,13
2015-09-24,0,1,1,1,24,5,39,13
2015-09-25,1,1,1,1,25,6,39,13
2015-09-26,1,1,0,0,26,7,39,13
2015-09-27,1,0,0,0,27,1,40,14
2015-09-28,1,0,0,0,28,2,40,14
2015-09-29,1,0,0,0,29,3,40,14
2015-09-30,1,0,0,0,30,4,40,14
2015-10-01,1,1,0,0,1,5,40,1
2015-10-02,1,1,0,0,2,6,40,1
2015-10-03,0,1,0,0,3,7,40,1
2015-10-04,0,0,0,0,4,1,41,2
2015-10-05,0,0,0,0,5,2,41,2
2015-10-06,0,0,0,0,6,3,41,2
2015-10-07,0,0,0,0,7,4,41,2
2015-10-08,0,1,0,0,8,5,41,2
2015-10-09,0,1,0,0,9,6,41,2
2015-10-10,0,1,0,0,10,7,41,2
2015-10-11,0,0,0,0,11,1,42,3
2015-10-12,0,0,0,0,12,2,42,3
2015-10-13,0,0,0,0,13,3,42,3
2015-10-14,0,0,0,0,14,4,42,3
2015-10-15,0,1,1,1,15,5,42,3
2015-10-16,0,1,0,0,16,6,42,3
2015-10-17,0,1,0,0,17,7,42,3
2015-10-18,0,0,0,0,18,1,43,4
2015-10-19,0,0,0,0,19,2,43,4
2015-10-20,0,0,0,0,20,3,43,4
2015-10-21,0,0,0,0,21,4,43,4
2015-10-22,0,1,0,0,22,5,43,4
2015-10-23,0,1,0,0,23,6,43,4
2015-10-24,0,1,0,0,24,7,43,4
2015-10-25,1,0,0,0,25,1,44,5
2015-10-26,1,0,0,0,26,2,44,5
2015-10-27,1,0,0,0,27,3,44,5
2015-10-28,1,0,0,0,28,4,44,5
2015-10-29,1,1,0,0,29,5,44,5
2015-10-30,1,1,0,0,30,6,44,5
2015-10-31,1,1,0,1,31,7,44,5
2015-11-01,1,0,0,0,1,1,45,6
2015-11-02,1,0,0,0,2,2,45,6
2015-11-03,0,0,0,0,3,3,45,6
2015-11-04,0,0,0,0,4,4,45,6
2015-11-05,0,1,0,0,5,5,45,6
2015-11-06,0,1,0,0,6,6,45,6
2015-11-07,0,1,0,0,7,7,45,6
2015-11-08,0,0,0,0,8,1,46,7
2015-11-09,0,0,0,0,9,2,46,7
2015-11-10,0,0,0,0,10,3,46,7
2015-11-11,0,0,0,1,11,4,46,7
2015-11-12,0,1,0,0,12,5,46,7
2015-11-13,0,1,0,0,13,6,46,7
2015-11-14,0,1,0,0,14,7,46,7
2015-11-15,0,0,0,0,15,1,47,8
2015-11-16,0,0,0,0,16,2,47,8
2015-11-17,0,0,0,0,17,3,47,8
2015-11-18,0,0,0,0,18,4,47,8
2015-11-19,0,1,0,0,19,5,47,8
2015-11-20,0,1,0,0,20,6,47,8
2015-11-21,0,1,0,0,21,7,47,8
2015-11-22,0,0,0,0,22,1,48,9
2015-11-23,0,0,0,0,23,2,48,9
2015-11-24,0,0,0,0,24,3,48,9
2015-11-25,1,0,0,0,25,4,48,9
2015-11-26,1,1,0,1,26,5,48,9
2015-11-27,1,1,0,1,27,6,48,9
2015-11-28,1,1,0,0,28,7,48,9
2015-11-29,1,0,0,0,29,1,49,10
2015-11-30,1,0,1,1,30,2,49,10
2015-12-01,1,0,0,0,1,3,49,10
2015-12-02,1,0,1,1,2,4,49,10
2015-12-03,0,1,1,1,3,5,49,10
2015-12-04,0,1,0,0,4,6,49,10
2015-12-05,0,1,0,0,5,7,49,10
2015-12-06,0,0,0,0,6,1,50,11
2015-12-07,0,0,0,0,7,2,50,11
2015-12-08,0,0,0,0,8,3,50,11
2015-12-09,0,0,0,0,9,4,50,11
2015-12-10,0,1,0,0,10,5,50,11
2015-12-11,0,1,0,0,11,6,50,11
2015-12-12,0,1,0,0,12,7,50,11
2015-12-13,0,0,0,0,13,1,51,12
2015-12-14,0,0,0,0,14,2,51,12
2015-12-15,0,0,0,0,15,3,51,12
2015-12-16,0,0,0,0,16,4,51,12
2015-12-17,0,1,0,0,17,5,51,12
2015-12-18,0,1,0,0,18,6,51,12
2015-12-19,0,1,0,0,19,7,51,12
2015-12-20,0,0,0,0,20,1,52,13
2015-12-21,0,0,0,0,21,2,52,13
2015-12-22,0,0,0,0,22,3,52,13
2015-12-23,0,0,0,0,23,4,52,13
2015-12-24,0,1,1,1,24,5,52,13
2015-12-25,1,1,0,1,25,6,52,13
2015-12-26,1,1,0,0,26,7,52,13
2015-12-27,1,0,0,0,27,1,53,14
2015-12-28,1,0,0,0,28,2,53,14
2015-12-29,1,0,0,0,29,3,53,14
2015-12-30,1,0,0,0,30,4,53,14
2015-12-31,1,1,0,1,31,5,53,14
2016-01-01,1,1,1,1,1,6,1,1
2016-01-02,1,1,0,0,2,7,1,1
2016-01-03,0,0,0,0,3,1,2,2
2016-01-04,0,0,0,0,4,2,2,2
2016-01-05,0,0,0,0,5,3,2,2
2016-01-06,0,0,0,0,6,4,2,2
2016-01-07,0,1,0,0,7,5,2,2
2016-01-08,0,1,0,0,8,6,2,2
2016-01-09,0,1,0,0,9,7,2,2
2016-01-10,0,0,0,0,10,1,3,3
2016-01-11,0,0,0,0,11,2,3,3
2016-01-12,0,0,0,0,12,3,3,3
2016-01-13,0,0,0,0,13,4,3,3
2016-01-14,0,1,0,0,14,5,3,3
2016-01-15,0,1,0,0,15,6,3,3
2016-01-16,0,1,0,0,16,7,3,3
2016-01-17,0,0,0,0,17,1,4,4
2016-01-18,0,0,0,0,18,2,4,4
2016-01-19,0,0,0,0,19,3,4,4
2016-01-20,0,0,0,0,20,4,4,4
2016-01-21,0,1,0,0,21,5,4,4
2016-01-22,0,1,0,0,22,6,4,4
2016-01-23,0,1,0,0,23,7,4,4
2016-01-24,0,0,0,0,24,1,5,5
2016-01-25,1,0,0,0,25,2,5,5
2016-01-26,1,0,0,0,26,3,5,5
2016-01-27,1,0,0,0,27,4,5,5
2016-01-28,1,1,0,0,28,5,5,5
2016-01-29,1,1,0,0,29,6,5,5
2016-01-30,1,1,0,0,30,7,5,5
2016-01-31,1,0,0,0,31,1,6,6
2016-02-01,1,0,0,0,1,2,6,6
2016-02-02,1,0,0,0,2,3,6,6
2016-02-03,0,0,0,0,3,4,6,6
2016-02-04,0,1,0,0,4,5,6,6
2016-02-05,0,1,0,0,5,6,6,6
2016-02-06,0,1,0,0,6,7,6,6
2016-02-07,0,0,0,0,7,1,7,7
2016-02-08,0,0,0,0,8,2,7,7
2016-02-09,0,0,0,0,9,3,7,7
2016-02-10,0,0,0,0,10,4,7,7
2016-02-11,0,1,0,0,11,5,7,7
2016-02-12,0,1,0,0,12,6,7,7
2016-02-13,0,1,0,0,13,7,7,7
2016-02-14,0,0,0,0,14,1,8,8
2016-02-15,0,0,0,0,15,2,8,8
2016-02-16,0,0,0,0,16,3,8,8
2016-02-17,0,0,0,0,17,4,8,8
2016-02-18,0,1,0,0,18,5,8,8
2016-02-19,0,1,0,0,19,6,8,8
2016-02-20,0,1,0,0,20,7,8,8
2016-02-21,0,0,0,0,21,1,9,9
2016-02-22,0,0,0,0,22,2,9,9
2016-02-23,0,0,0,0,23,3,9,9
2016-02-24,0,0,0,0,24,4,9,9
2016-02-25,1,1,0,0,25,5,9,9
2016-02-26,1,1,0,0,26,6,9,9
2016-02-27,1,1,0,0,27,7,9,9
2016-02-28,1,0,0,0,28,1,10,10
2016-02-29,1,0,0,0,29,2,10,10
2016-03-01,1,0,0,0,1,3,10,10
2016-03-02,1,0,0,0,2,4,10,10
2016-03-03,0,1,0,0,3,5,10,10
2016-03-04,0,1,0,0,4,6,10,10
2016-03-05,0,1,0,0,5,7,10,10
2016-03-06,0,0,0,0,6,1,11,11
2016-03-07,0,0,0,0,7,2,11,11
2016-03-08,0,0,0,0,8,3,11,11
2016-03-09,0,0,0,0,9,4,11,11
2016-03-10,0,1,0,0,10,5,11,11
2016-03-11,0,1,0,0,11,6,11,11
2016-03-12,0,1,0,0,12,7,11,11
2016-03-13,0,0,0,0,13,1,12,12
2016-03-14,0,0,0,0,14,2,12,12
2016-03-15,0,0,0,0,15,3,12,12
2016-03-16,0,0,0,0,16,4,12,12
2016-03-17,0,1,0,0,17,5,12,12
2016-03-18,0,1,0,0,18,6,12,12
2016-03-19,0,1,0,0,19,7,12,12
2016-03-20,0,0,0,0,20,1,13,13
2016-03-21,0,0,0,0,21,2,13,13
2016-03-22,0,0,0,0,22,3,13,13
2016-03-23,0,0,0,0,23,4,13,13
2016-03-24,0,1,0,0,24,5,13,13
2016-03-25,1,1,0,0,25,6,13,13
2016-03-26,1,1,0,0,26,7,13,13
2016-03-27,1,0,0,0,27,1,14,14
2016-03-28,1,0,0,0,28,2,14,14
2016-03-29,1,0,0,0,29,3,14,14
2016-03-30,1,0,0,0,30,4,14,14
2016-03-31,1,1,0,0,31,5,14,14
2016-04-01,1,1,0,0,1,6,14,1
2016-04-02,1,1,0,0,2,7,14,1
2016-04-03,0,0,0,0,3,1,15,2
2016-04-04,0,0,0,0,4,2,15,2
2016-04-05,0,0,0,0,5,3,15,2
2016-04-06,0,0,0,0,6,4,15,2
2016-04-07,0,1,0,0,7,5,15,2
2016-04-08,0,1,0,0,8,6,15,2
2016-04-09,0,1,0,0,9,7,15,2
2016-04-10,0,0,0,0,10,1,16,3
2016-04-11,0,0,0,0,11,2,16,3
2016-04-12,0,0,0,0,12,3,16,3
2016-04-13,0,0,0,0,13,4,16,3
2016-04-14,0,1,0,0,14,5,16,3
2016-04-15,0,1,0,0,15,6,16,3
2016-04-16,0,1,0,0,16,7,16,3
2016-04-17,0,0,0,0,17,1,17,4
2016-04-18,0,0,0,0,18,2,17,4
2016-04-19,0,0,0,0,19,3,17,4
2016-04-20,0,0,0,0,20,4,17,4
2016-04-21,0,1,0,0,21,5,17,4
2016-04-22,0,1,0,0,22,6,17,4
2016-04-23,0,1,0,0,23,7,17,4
2016-04-24,0,0,0,0,24,1,18,5
2016-04-25,1,0,0,0,25,2,18,5
2016-04-26,1,0,0,0,26,3,18,5
2016-04-27,1,0,0,0,27,4,18,5
2016-04-28,1,1,0,0,28,5,18,5
2016-04-29,1,1,0,0,29,6,18,5
2016-04-30,1,1,0,0,30,7,18,5
2016-05-01,1,0,0,0,1,1,19,6
2016-05-02,1,0,0,0,2,2,19,6
2016-05-03,0,0,0,0,3,3,19,6
2016-05-04,0,0,0,0,4,4,19,6
2016-05-05,0,1,1,1,5,5,19,6
2016-05-06,0,1,0,0,6,6,19,6
2016-05-07,0,1,0,0,7,7,19,6
2016-05-08,0,0,0,0,8,1,20,7
2016-05-09,0,0,0,0,9,2,20,7
2016-05-10,0,0,0,0,10,3,20,7
2016-05-11,0,0,0,0,11,4,20,7
2016-05-12,0,1,0,0,12,5,20,7
2016-05-13,0,1,0,0,13,6,20,7
2016-05-14,0,1,0,0,14,7,20,7
2016-05-15,0,0,0,0,15,1,21,8
2016-05-16,0,0,0,1,16,2,21,8
2016-05-17,0,0,0,0,17,3,21,8
2016-05-18,0,0,0,0,18,4,21,8
2016-05-19,0,1,0,0,19,5,21,8
2016-05-20,0,1,0,0,20,6,21,8
2016-05-21,0,1,0,0,21,7,21,8
2016-05-22,0,0,0,0,22,1,22,9
2016-05-23,0,0,0,0,23,2,22,9
2016-05-24,0,0,0,0,24,3,22,9
2016-05-25,1,0,0,0,25,4,22,9
2016-05-26,1,1,0,0,26,5,22,9
2016-05-27,1,1,0,0,27,6,22,9
2016-05-28,1,1,0,0,28,7,22,9
2016-05-29,1,0,0,0,29,1,23,10
2016-05-30,1,0,0,0,30,2,23,10
2016-05-31,1,0,0,0,31,3,23,10
2016-06-01,1,0,0,0,1,4,23,10
2016-06-02,1,1,0,0,2,5,23,10
2016-06-03,0,1,0,0,3,6,23,10
2016-06-04,0,1,0,0,4,7,23,10
2016-06-05,0,0,0,0,5,1,24,11
2016-06-06,0,0,0,0,6,2,24,11
2016-06-07,0,0,0,0,7,3,24,11
2016-06-08,0,0,0,0,8,4,24,11
2016-06-09,0,1,0,0,9,5,24,11
2016-06-10,0,1,0,0,10,6,24,11
2016-06-11,0,1,0,0,11,7,24,11
2016-06-12,0,0,0,0,12,1,25,12
2016-06-13,0,0,0,0,13,2,25,12
2016-06-14,0,0,0,0,14,3,25,12
2016-06-15,0,0,0,0,15,4,25,12
2016-06-16,0,1,0,0,16,5,25,12
2016-06-17,0,1,0,0,17,6,25,12
2016-06-18,0,1,0,0,18,7,25,12
2016-06-19,0,0,0,0,19,1,26,13
2016-06-20,0,0,0,0,20,2,26,13
2016-06-21,0,0,0,0,21,3,26,13
2016-06-22,0,0,0,0,22,4,26,13
2016-06-23,0,1,0,0,23,5,26,13
2016-06-24,0,1,0,0,24,6,26,13
2016-06-25,1,1,0,0,25,7,26,13
2016-06-26,1,0,0,0,26,1,27,14
2016-06-27,1,0,0,0,27,2,27,14
2016-06-28,1,0,0,0,28,3,27,14
2016-06-29,1,0,0,0,29,4,27,14
2016-06-30,1,1,0,0,30,5,27,14
2016-07-01,1,1,0,0,1,6,27,1
2016-07-02,1,1,0,0,2,7,27,1
2016-07-03,0,0,0,0,3,1,28,2
2016-07-04,0,0,0,0,4,2,28,2
2016-07-05,0,0,0,0,5,3,28,2
2016-07-06,0,0,1,1,6,4,28,2
2016-07-07,0,1,0,0,7,5,28,2
2016-07-08,0,1,0,0,8,6,28,2
2016-07-09,0,1,1,1,9,7,28,2
2016-07-10,0,0,0,0,10,1,29,3
2016-07-11,0,0,0,0,11,2,29,3
2016-07-12,0,0,0,0,12,3,29,3
2016-07-13,0,0,0,0,13,4,29,3
2016-07-14,0,1,0,0,14,5,29,3
2016-07-15,0,1,0,0,15,6,29,3
2016-07-16,0,1,0,0,16,7,29,3
2016-07-17,0,0,0,0,17,1,30,4
2016-07-18,0,0,0,0,18,2,30,4
2016-07-19,0,0,0,0,19,3,30,4
2016-07-20,0,0,0,0,20,4,30,4
2016-07-21,0,1,0,0,21,5,30,4
2016-07-22,0,1,0,0,22,6,30,4
2016-07-23,0,1,0,0,23,7,30,4
2016-07-24,0,0,0,0,24,1,31,5
2016-07-25,1,0,0,0,25,2,31,5
2016-07-26,1,0,0,0,26,3,31,5
2016-07-27,1,0,0,0,27,4,31,5
2016-07-28,1,1,0,0,28,5,31,5
2016-07-29,1,1,0,0,29,6,31,5
2016-07-30,1,1,0,0,30,7,31,5
2016-07-31,1,0,0,0,31,1,32,6
2016-08-01,1,0,0,0,1,2,32,6
2016-08-02,1,0,0,0,2,3,32,6
2016-08-03,0,0,0,0,3,4,32,6
2016-08-04,0,1,0,0,4,5,32,6
2016-08-05,0,1,0,0,5,6,32,6
2016-08-06,0,1,0,0,6,7,32,6
2016-08-07,0,0,0,0,7,1,33,7
2016-08-08,0,0,0,0,8,2,33,7
2016-08-09,0,0,0,0,9,3,33,7
2016-08-10,0,0,0,0,10,4,33,7
2016-08-11,0,1,0,0,11,5,33,7
2016-08-12,0,1,0,0,12,6,33,7
2016-08-13,0,1,0,0,13,7,33,7
2016-08-14,0,0,0,0,14,1,34,8
2016-08-15,0,0,0,0,15,2,34,8
2016-08-16,0,0,0,0,16,3,34,8
2016-08-17,0,0,0,0,17,4,34,8
2016-08-18,0,1,0,0,18,5,34,8
2016-08-19,0,1,0,0,19,6,34,8
2016-08-20,0,1,0,0,20,7,34,8
2016-08-21,0,0,0,0,21,1,35,9
2016-08-22,0,0,0,0,22,2,35,9
2016-08-23,0,0,0,0,23,3,35,9
2016-08-24,0,0,0,0,24,4,35,9
2016-08-25,1,1,0,0,25,5,35,9
2016-08-26,1,1,0,0,26,6,35,9
2016-08-27,1,1,0,0,27,7,35,9
2016-08-28,1,0,0,0,28,1,36,10
2016-08-29,1,0,0,0,29,2,36,10
2016-08-30,1,0,0,0,30,3,36,10
2016-08-31,1,0,0,0,31,4,36,10
2016-09-01,1,1,0,0,1,5,36,10
2016-09-02,1,1,0,0,2,6,36,10
2016-09-03,0,1,0,0,3,7,36,10
2016-09-04,0,0,0,0,4,1,37,11
2016-09-05,0,0,0,0,5,2,37,11
2016-09-06,0,0,0,0,6,3,37,11
2016-09-07,0,0,0,0,7,4,37,11
2016-09-08,0,1,0,0,8,5,37,11
2016-09-09,0,1,0,0,9,6,37,11
2016-09-10,0,1,1,1,10,7,37,11
2016-09-11,0,0,1,1,11,1,38,12
2016-09-12,0,0,1,1,12,2,38,12
2016-09-13,0,0,1,1,13,3,38,12
2016-09-14,0,0,0,1,14,4,38,12
2016-09-15,0,1,0,1,15,5,38,12
2016-09-16,0,1,0,1,16,6,38,12
2016-09-17,0,1,0,1,17,7,38,12
2016-09-18,0,0,0,0,18,1,39,13
2016-09-19,0,0,0,0,19,2,39,13
2016-09-20,0,0,0,0,20,3,39,13
2016-09-21,0,0,0,0,21,4,39,13
2016-09-22,0,1,0,0,22,5,39,13
2016-09-23,0,1,0,0,23,6,39,13
2016-09-24,0,1,0,0,24,7,39,13
2016-09-25,1,0,0,0,25,1,40,14
2016-09-26,1,0,0,0,26,2,40,14
2016-09-27,1,0,0,0,27,3,40,14
2016-09-28,1,0,0,0,28,4,40,14
2016-09-29,1,1,0,0,29,5,40,14
2016-09-30,1,1,0,0,30,6,40,14
2016-10-01,1,1,0,0,1,7,40,1
2016-10-02,1,0,1,1,2,1,41,2
2016-10-03,0,0,0,0,3,2,41,2
2016-10-04,0,0,0,0,4,3,41,2
2016-10-05,0,0,0,0,5,4,41,2
2016-10-06,0,1,0,0,6,5,41,2
2016-10-07,0,1,0,0,7,6,41,2
2016-10-08,0,1,0,0,8,7,41,2
2016-10-09,0,0,0,0,9,1,42,3
2016-10-10,0,0,0,0,10,2,42,3
2016-10-11,0,0,0,0,11,3,42,3
2016-10-12,0,0,0,0,12,4,42,3
2016-10-13,0,1,0,0,13,5,42,3
2016-10-14,0,1,0,0,14,6,42,3
2016-10-15,0,1,0,0,15,7,42,3
2016-10-16,0,0,0,0,16,1,43,4
2016-10-17,0,0,0,0,17,2,43,4
2016-10-18,0,0,0,0,18,3,43,4
2016-10-19,0,0,0,0,19,4,43,4
2016-10-20,0,1,0,0,20,5,43,4
2016-10-21,0,1,0,0,21,6,43,4
2016-10-22,0,1,0,0,22,7,43,4
2016-10-23,0,0,0,0,23,1,44,5
2016-10-24,0,0,0,0,24,2,44,5
2016-10-25,1,0,0,0,25,3,44,5
2016-10-26,1,0,0,0,26,4,44,5
2016-10-27,1,1,0,0,27,5,44,5
2016-10-28,1,1,0,0,28,6,44,5
2016-10-29,1,1,0,0,29,7,44,5
2016-10-30,1,0,0,1,30,1,45,6
2016-10-31,1,0,0,1,31,2,45,6
2016-11-01,1,0,0,0,1,3,45,6
2016-11-02,1,0,0,0,2,4,45,6
2016-11-03,0,1,0,0,3,5,45,6
2016-11-04,0,1,0,0,4,6,45,6
2016-11-05,0,1,0,0,5,7,45,6
2016-11-06,0,0,0,0,6,1,46,7
2016-11-07,0,0,0,0,7,2,46,7
2016-11-08,0,0,0,0,8,3,46,7
2016-11-09,0,0,0,0,9,4,46,7
2016-11-10,0,1,0,0,10,5,46,7
2016-11-11,0,1,0,0,11,6,46,7
2016-11-12,0,1,0,0,12,7,46,7
2016-11-13,0,0,0,0,13,1,47,8
2016-11-14,0,0,0,0,14,2,47,8
2016-11-15,0,0,0,0,15,3,47,8
2016-11-16,0,0,0,0,16,4,47,8
2016-11-17,0,1,0,0,17,5,47,8
2016-11-18,0,1,0,0,18,6,47,8
2016-11-19,0,1,0,0,19,7,47,8
2016-11-20,0,0,0,0,20,1,48,9
2016-11-21,0,0,0,0,21,2,48,9
2016-11-22,0,0,0,0,22,3,48,9
2016-11-23,0,0,0,0,23,4,48,9
2016-11-24,0,1,0,1,24,5,48,9
2016-11-25,1,1,0,1,25,6,48,9
2016-11-26,1,1,0,0,26,7,48,9
2016-11-27,1,0,0,0,27,1,49,10
2016-11-28,1,0,0,0,28,2,49,10
2016-11-29,1,0,0,0,29,3,49,10
2016-11-30,1,0,0,0,30,4,49,10
2016-12-01,1,1,1,1,1,5,49,10
2016-12-02,1,1,1,1,2,6,49,10
2016-12-03,0,1,0,0,3,7,49,10
2016-12-04,0,0,0,0,4,1,50,11
2016-12-05,0,0,0,0,5,2,50,11
2016-12-06,0,0,0,0,6,3,50,11
2016-12-07,0,0,0,0,7,4,50,11
2016-12-08,0,1,0,0,8,5,50,11
2016-12-09,0,1,0,0,9,6,50,11
2016-12-10,0,1,0,0,10,7,50,11
2016-12-11,0,0,1,1,11,1,51,12
2016-12-12,0,0,0,0,12,2,51,12
2016-12-13,0,0,0,0,13,3,51,12
2016-12-14,0,0,0,0,14,4,51,12
2016-12-15,0,1,0,0,15,5,51,12
2016-12-16,0,1,0,0,16,6,51,12
2016-12-17,0,1,0,0,17,7,51,12
2016-12-18,0,0,0,0,18,1,52,13
2016-12-19,0,0,0,0,19,2,52,13
2016-12-20,0,0,0,0,20,3,52,13
2016-12-21,0,0,0,0,21,4,52,13
2016-12-22,0,1,0,0,22,5,52,13
2016-12-23,0,1,0,0,23,6,52,13
2016-12-24,0,1,0,1,24,7,52,13
2016-12-25,1,0,0,1,25,1,53,14
2016-12-26,1,0,0,0,26,2,53,14
2016-12-27,1,0,0,0,27,3,53,14
2016-12-28,1,0,0,0,28,4,53,14
2016-12-29,1,1,0,0,29,5,53,14
2016-12-30,1,1,0,0,30,6,53,14
2016-12-31,1,1,0,1,31,7,53,14
2017-01-01,1,0,1,1,1,1,1,1
2017-01-02,1,0,0,0,2,2,1,1
2017-01-03,0,0,0,0,3,3,1,1
2017-01-04,0,0,0,0,4,4,1,1
2017-01-05,0,1,0,0,5,5,1,1
2017-01-06,0,1,0,0,6,6,1,1
2017-01-07,0,1,0,0,7,7,1,1
2017-01-08,0,0,0,0,8,1,2,2
2017-01-09,0,0,0,0,9,2,2,2
2017-01-10,0,0,0,0,10,3,2,2
2017-01-11,0,0,0,0,11,4,2,2
2017-01-12,0,1,0,0,12,5,2,2
2017-01-13,0,1,0,0,13,6,2,2
2017-01-14,0,1,0,0,14,7,2,2
2017-01-15,0,0,0,0,15,1,3,3
2017-01-16,0,0,0,0,16,2,3,3
2017-01-17,0,0,0,0,17,3,3,3
2017-01-18,0,0,0,0,18,4,3,3
2017-01-19,0,1,0,0,19,5,3,3
2017-01-20,0,1,0,0,20,6,3,3
2017-01-21,0,1,0,0,21,7,3,3
2017-01-22,0,0,0,0,22,1,4,4
2017-01-23,0,0,0,0,23,2,4,4
2017-01-24,0,0,0,0,24,3,4,4
2017-01-25,1,0,0,0,25,4,4,4
2017-01-26,1,1,0,0,26,5,4,4
2017-01-27,1,1,0,0,27,6,4,4
2017-01-28,1,1,0,0,28,7,4,4
2017-01-29,1,0,0,0,29,1,5,5
2017-01-30,1,0,0,0,30,2,5,5
2017-01-31,1,0,0,0,31,3,5,5
2017-02-01,1,0,0,0,1,4,5,5
2017-02-02,1,1,0,0,2,5,5,5
2017-02-03,0,1,0,0,3,6,5,5
2017-02-04,0,1,0,0,4,7,5,5
2017-02-05,0,0,0,0,5,1,6,6
2017-02-06,0,0,0,0,6,2,6,6
2017-02-07,0,0,0,0,7,3,6,6
2017-02-08,0,0,0,0,8,4,6,6
2017-02-09,0,1,0,0,9,5,6,6
2017-02-10,0,1,0,0,10,6,6,6
2017-02-11,0,1,0,0,11,7,6,6
2017-02-12,0,0,0,0,12,1,7,7
2017-02-13,0,0,0,0,13,2,7,7
2017-02-14,0,0,0,0,14,3,7,7
2017-02-15,0,0,0,0,15,4,7,7
2017-02-16,0,1,0,0,16,5,7,7
2017-02-17,0,1,0,0,17,6,7,7
2017-02-18,0,1,0,0,18,7,7,7
2017-02-19,0,0,0,0,19,1,8,8
2017-02-20,0,0,0,0,20,2,8,8
2017-02-21,0,0,0,0,21,3,8,8
2017-02-22,0,0,0,0,22,4,8,8
2017-02-23,0,1,0,0,23,5,8,8
2017-02-24,0,1,0,0,24,6,8,8
2017-02-25,1,1,0,0,25,7,8,8
2017-02-26,1,0,0,0,26,1,9,9
2017-02-27,1,0,0,0,27,2,9,9
2017-02-28,1,0,0,0,28,3,9,9
2017-03-01,1,0,0,0,1,4,9,9
2017-03-02,1,1,0,0,2,5,9,9
2017-03-03,0,1,0,0,3,6,9,9
2017-03-04,0,1,0,0,4,7,9,9
2017-03-05,0,0,0,0,5,1,10,10
2017-03-06,0,0,0,0,6,2,10,10
2017-03-07,0,0,0,0,7,3,10,10
2017-03-08,0,0,0,0,8,4,10,10
2017-03-09,0,1,0,0,9,5,10,10
2017-03-10,0,1,0,0,10,6,10,10
2017-03-11,0,1,0,0,11,7,10,10
2017-03-12,0,0,0,0,12,1,11,11
2017-03-13,0,0,0,0,13,2,11,11
2017-03-14,0,0,0,0,14,3,11,11
2017-03-15,0,0,0,0,15,4,11,11
2017-03-16,0,1,0,0,16,5,11,11
2017-03-17,0,1,0,0,17,6,11,11
2017-03-18,0,1,0,0,18,7,11,11
2017-03-19,0,0,0,0,19,1,12,12
2017-03-20,0,0,0,0,20,2,12,12
2017-03-21,0,0,0,0,21,3,12,12
2017-03-22,0,0,0,0,22,4,12,12
2017-03-23,0,1,0,0,23,5,12,12
2017-03-24,0,1,0,0,24,6,12,12
2017-03-25,1,1,0,0,25,7,12,12
2017-03-26,1,0,0,0,26,1,13,13
2017-03-27,1,0,0,0,27,2,13,13
2017-03-28,1,0,0,0,28,3,13,13
2017-03-29,1,0,0,0,29,4,13,13
2017-03-30,1,1,0,0,30,5,13,13
2017-03-31,1,1,0,0,31,6,13,13
2017-04-01,1,1,0,0,1,7,13,1
2017-04-02,1,0,0,0,2,1,14,2
2017-04-03,0,0,0,0,3,2,14,2
2017-04-04,0,0,0,0,4,3,14,2
2017-04-05,0,0,0,0,5,4,14,2
2017-04-06,0,1,0,0,6,5,14,2
2017-04-07,0,1,0,0,7,6,14,2
2017-04-08,0,1,0,0,8,7,14,2
2017-04-09,0,0,0,0,9,1,15,3
2017-04-10,0,0,0,0,10,2,15,3
2017-04-11,0,0,0,0,11,3,15,3
2017-04-12,0,0,0,0,12,4,15,3
2017-04-13,0,1,0,0,13,5,15,3
2017-04-14,0,1,0,0,14,6,15,3
2017-04-15,0,1,0,0,15,7,15,3
2017-04-16,0,0,0,0,16,1,16,4
2017-04-17,0,0,0,0,17,2,16,4
2017-04-18,0,0,0,0,18,3,16,4
2017-04-19,0,0,0,0,19,4,16,4
2017-04-20,0,1,0,0,20,5,16,4
2017-04-21,0,1,0,0,21,6,16,4
2017-04-22,0,1,0,0,22,7,16,4
2017-04-23,0,0,1,0,23,1,17,5
2017-04-24,0,0,0,0,24,2,17,5
2017-04-25,1,0,0,0,25,3,17,5
2017-04-26,1,0,0,0,26,4,17,5
2017-04-27,1,1,0,0,27,5,17,5
2017-04-28,1,1,0,0,28,6,17,5
2017-04-29,1,1,0,0,29,7,17,5
2017-04-30,1,0,0,0,30,1,18,6
2017-05-01,1,0,0,0,1,2,18,6
2017-05-02,1,0,0,0,2,3,18,6
2017-05-03,0,0,0,0,3,4,18,6
2017-05-04,0,1,0,0,4,5,18,6
2017-05-05,0,1,0,0,5,6,18,6
2017-05-06,0,1,0,0,6,7,18,6
2017-05-07,0,0,0,0,7,1,19,7
2017-05-08,0,0,0,0,8,2,19,7
2017-05-09,0,0,0,0,9,3,19,7
2017-05-10,0,0,0,0,10,4,19,7
2017-05-11,0,1,0,0,11,5,19,7
2017-05-12,0,1,0,0,12,6,19,7
2017-05-13,0,1,0,0,13,7,19,7
2017-05-14,0,0,0,0,14,1,20,8
2017-05-15,0,0,0,0,15,2,20,8
2017-05-16,0,0,0,0,16,3,20,8
2017-05-17,0,0,0,0,17,4,20,8
2017-05-18,0,1,0,0,18,5,20,8
2017-05-19,0,1,0,0,19,6,20,8
2017-05-20,0,1,0,0,20,7,20,8
2017-05-21,0,0,0,0,21,1,21,9
2017-05-22,0,0,0,0,22,2,21,9
2017-05-23,0,0,0,0,23,3,21,9
2017-05-24,0,0,0,0,24,4,21,9
2017-05-25,1,1,0,0,25,5,21,9
2017-05-26,1,1,0,0,26,6,21,9
2017-05-27,1,1,0,1,27,7,21,9
2017-05-28,1,0,0,1,28,1,22,10
2017-05-29,1,0,0,1,29,2,22,10
2017-05-30,1,0,0,1,30,3,22,10
2017-05-31,1,0,0,1,31,4,22,10
2017-06-01,1,1,0,1,1,5,22,10
2017-06-02,1,1,0,1,2,6,22,10
2017-06-03,0,1,0,1,3,7,22,10
2017-06-04,0,0,0,1,4,1,23,11
2017-06-05,0,0,0,1,5,2,23,11
2017-06-06,0,0,0,1,6,3,23,11
2017-06-07,0,0,0,1,7,4,23,11
2017-06-08,0,1,0,1,8,5,23,11
2017-06-09,0,1,0,1,9,6,23,11
2017-06-10,0,1,0,1,10,7,23,11
2017-06-11,0,0,0,1,11,1,24,12
2017-06-12,0,0,0,1,12,2,24,12
2017-06-13,0,0,0,1,13,3,24,12
2017-06-14,0,0,0,1,14,4,24,12
2017-06-15,0,1,0,1,15,5,24,12
2017-06-16,0,1,0,1,16,6,24,12
2017-06-17,0,1,0,1,17,7,24,12
2017-06-18,0,0,0,1,18,1,25,13
2017-06-19,0,0,0,1,19,2,25,13
2017-06-20,0,0,0,1,20,3,25,13
2017-06-21,0,0,0,1,21,4,25,13
2017-06-22,0,1,0,1,22,5,25,13
2017-06-23,0,1,0,1,23,6,25,13
2017-06-24,0,1,0,1,24,7,25,13
2017-06-25,1,0,1,1,25,1,26,14
2017-06-26,1,0,0,0,26,2,26,14
2017-06-27,1,0,1,1,27,3,26,14
2017-06-28,1,0,1,1,28,4,26,14
2017-06-29,1,1,0,0,29,5,26,14
2017-06-30,1,1,0,0,30,6,26,14
2017-07-01,1,1,0,0,1,7,26,1
2017-07-02,1,0,0,0,2,1,27,2
2017-07-03,0,0,0,0,3,2,27,2
2017-07-04,0,0,0,0,4,3,27,2
2017-07-05,0,0,0,0,5,4,27,2
2017-07-06,0,1,0,0,6,5,27,2
2017-07-07,0,1,0,0,7,6,27,2
2017-07-08,0,1,0,0,8,7,27,2
2017-07-09,0,0,0,0,9,1,28,3
2017-07-10,0,0,0,0,10,2,28,3
2017-07-11,0,0,0,0,11,3,28,3
2017-07-12,0,0,0,0,12,4,28,3
2017-07-13,0,1,0,0,13,5,28,3
2017-07-14,0,1,0,0,14,6,28,3
2017-07-15,0,1,0,0,15,7,28,3
2017-07-16,0,0,0,0,16,1,29,4
2017-07-17,0,0,0,0,17,2,29,4
2017-07-18,0,0,0,0,18,3,29,4
2017-07-19,0,0,0,0,19,4,29,4
2017-07-20,0,1,0,0,20,5,29,4
2017-07-21,0,1,0,0,21,6,29,4
2017-07-22,0,1,0,0,22,7,29,4
2017-07-23,0,0,0,0,23,1,30,5
2017-07-24,0,0,0,0,24,2,30,5
2017-07-25,1,0,0,0,25,3,30,5
2017-07-26,1,0,0,0,26,4,30,5
2017-07-27,1,1,0,0,27,5,30,5
2017-07-28,1,1,0,0,28,6,30,5
2017-07-29,1,1,0,0,29,7,30,5
2017-07-30,1,0,0,0,30,1,31,6
2017-07-31,1,0,0,0,31,2,31,6
2017-08-01,1,0,0,0,1,3,31,6
2017-08-02,1,0,0,0,2,4,31,6
2017-08-03,0,1,0,0,3,5,31,6
2017-08-04,0,1,0,0,4,6,31,6
2017-08-05,0,1,0,0,5,7,31,6
2017-08-06,0,0,0,0,6,1,32,7
2017-08-07,0,0,0,0,7,2,32,7
2017-08-08,0,0,0,0,8,3,32,7
2017-08-09,0,0,0,0,9,4,32,7
2017-08-10,0,1,0,0,10,5,32,7
2017-08-11,0,1,0,0,11,6,32,7
2017-08-12,0,1,0,0,12,7,32,7
2017-08-13,0,0,0,0,13,1,33,8
2017-08-14,0,0,0,0,14,2,33,8
2017-08-15,0,0,0,0,15,3,33,8
2017-08-16,0,0,0,0,16,4,33,8
2017-08-17,0,1,0,0,17,5,33,8
2017-08-18,0,1,0,0,18,6,33,8
2017-08-19,0,1,0,0,19,7,33,8
2017-08-20,0,0,0,0,20,1,34,9
2017-08-21,0,0,0,0,21,2,34,9
2017-08-22,0,0,0,0,22,3,34,9
2017-08-23,0,0,0,0,23,4,34,9
2017-08-24,0,1,0,0,24,5,34,9
2017-08-25,1,1,0,0,25,6,34,9
2017-08-26,1,1,0,0,26,7,34,9
2017-08-27,1,0,0,0,27,1,35,10
2017-08-28,1,0,0,0,28,2,35,10
2017-08-29,1,0,0,0,29,3,35,10
2017-08-30,1,0,0,0,30,4,35,10
2017-08-31,1,1,1,1,31,5,35,10
2017-09-01,1,1,1,1,1,6,35,10
2017-09-02,1,1,1,1,2,7,35,10
2017-09-03,0,0,1,1,3,1,36,11
2017-09-04,0,0,0,1,4,2,36,11
2017-09-05,0,0,0,1,5,3,36,11
2017-09-06,0,0,0,1,6,4,36,11
2017-09-07,0,1,0,0,7,5,36,11
2017-09-08,0,1,0,0,8,6,36,11
2017-09-09,0,1,0,0,9,7,36,11
2017-09-10,0,0,0,0,10,1,37,12
2017-09-11,0,0,0,0,11,2,37,12
2017-09-12,0,0,0,0,12,3,37,12
2017-09-13,0,0,0,0,13,4,37,12
2017-09-14,0,1,0,0,14,5,37,12
2017-09-15,0,1,0,0,15,6,37,12
2017-09-16,0,1,0,0,16,7,37,12
2017-09-17,0,0,0,0,17,1,38,13
2017-09-18,0,0,0,0,18,2,38,13
2017-09-19,0,0,0,0,19,3,38,13
2017-09-20,0,0,0,0,20,4,38,13
2017-09-21,0,1,1,1,21,5,38,13
2017-09-22,0,1,0,0,22,6,38,13
2017-09-23,0,1,0,0,23,7,38,13
2017-09-24,0,0,0,0,24,1,39,14
2017-09-25,1,0,0,0,25,2,39,14
2017-09-26,1,0,0,0,26,3,39,14
2017-09-27,1,0,0,0,27,4,39,14
2017-09-28,1,1,0,0,28,5,39,14
2017-09-29,1,1,0,0,29,6,39,14
2017-09-30,1,1,0,0,30,7,39,14
2017-10-01,1,0,0,0,1,1,40,1
2017-10-02,1,0,0,0,2,2,40,1
2017-10-03,0,0,0,0,3,3,40,1
2017-10-04,0,0,0,0,4,4,40,1
2017-10-05,0,1,0,0,5,5,40,1
2017-10-06,0,1,0,0,6,6,40,1
2017-10-07,0,1,0,0,7,7,40,1
2017-10-08,0,0,0,0,8,1,41,2
2017-10-09,0,0,0,0,9,2,41,2
2017-10-10,0,0,0,0,10,3,41,2
2017-10-11,0,0,0,0,11,4,41,2
2017-10-12,0,1,0,0,12,5,41,2
2017-10-13,0,1,0,0,13,6,41,2
2017-10-14,0,1,0,0,14,7,41,2
2017-10-15,0,0,0,0,15,1,42,3
2017-10-16,0,0,0,0,16,2,42,3
2017-10-17,0,0,0,0,17,3,42,3
2017-10-18,0,0,0,0,18,4,42,3
2017-10-19,0,1,0,1,19,5,42,3
2017-10-20,0,1,0,0,20,6,42,3
2017-10-21,0,1,0,0,21,7,42,3
2017-10-22,0,0,0,0,22,1,43,4
2017-10-23,0,0,0,0,23,2,43,4
2017-10-24,0,0,0,0,24,3,43,4
2017-10-25,1,0,0,0,25,4,43,4
2017-10-26,1,1,0,0,26,5,43,4
2017-10-27,1,1,0,0,27,6,43,4
2017-10-28,1,1,0,0,28,7,43,4
2017-10-29,1,0,0,0,29,1,44,5
2017-10-30,1,0,0,0,30,2,44,5
2017-10-31,1,0,0,1,31,3,44,5
2017-11-01,1,0,0,0,1,4,44,5
2017-11-02,1,1,0,0,2,5,44,5
2017-11-03,0,1,0,0,3,6,44,5
2017-11-04,0,1,0,0,4,7,44,5
2017-11-05,0,0,0,0,5,1,45,6
2017-11-06,0,0,0,0,6,2,45,6
2017-11-07,0,0,0,0,7,3,45,6
2017-11-08,0,0,0,0,8,4,45,6
2017-11-09,0,1,0,0,9,5,45,6
2017-11-10,0,1,0,0,10,6,45,6
2017-11-11,0,1,0,0,11,7,45,6
2017-11-12,0,0,0,0,12,1,46,7
2017-11-13,0,0,0,0,13,2,46,7
2017-11-14,0,0,0,0,14,3,46,7
2017-11-15,0,0,0,0,15,4,46,7
2017-11-16,0,1,0,0,16,5,46,7
2017-11-17,0,1,0,0,17,6,46,7
2017-11-18,0,1,0,0,18,7,46,7
2017-11-19,0,0,0,0,19,1,47,8
2017-11-20,0,0,0,0,20,2,47,8
2017-11-21,0,0,0,0,21,3,47,8
2017-11-22,0,0,0,0,22,4,47,8
2017-11-23,0,1,0,1,23,5,47,8
2017-11-24,0,1,0,1,24,6,47,8
2017-11-25,1,1,0,0,25,7,47,8
2017-11-26,1,0,0,0,26,1,48,9
2017-11-27,1,0,0,0,27,2,48,9
2017-11-28,1,0,0,0,28,3,48,9
2017-11-29,1,0,0,0,29,4,48,9
2017-11-30,1,1,1,1,30,5,48,9
2017-12-01,1,1,0,0,1,6,48,9
2017-12-02,1,1,1,1,2,7,48,9
2017-12-03,0,0,0,0,3,1,49,10
2017-12-04,0,0,0,0,4,2,49,10
2017-12-05,0,0,0,0,5,3,49,10
2017-12-06,0,0,0,0,6,4,49,10
2017-12-07,0,1,0,0,7,5,49,10
2017-12-08,0,1,0,0,8,6,49,10
2017-12-09,0,1,0,0,9,7,49,10
2017-12-10,0,0,0,0,10,1,50,11
2017-12-11,0,0,0,0,11,2,50,11
2017-12-12,0,0,0,0,12,3,50,11
2017-12-13,0,0,0,0,13,4,50,11
2017-12-14,0,1,0,0,14,5,50,11
2017-12-15,0,1,0,0,15,6,50,11
2017-12-16,0,1,0,0,16,7,50,11
2017-12-17,0,0,0,0,17,1,51,12
2017-12-18,0,0,0,0,18,2,51,12
2017-12-19,0,0,0,0,19,3,51,12
2017-12-20,0,0,0,0,20,4,51,12
2017-12-21,0,1,0,0,21,5,51,12
2017-12-22,0,1,0,0,22,6,51,12
2017-12-23,0,1,0,0,23,7,51,12
2017-12-24,0,0,0,1,24,1,52,13
2017-12-25,1,0,0,1,25,2,52,13
2017-12-26,1,0,0,0,26,3,52,13
2017-12-27,1,0,0,0,27,4,52,13
2017-12-28,1,1,0,0,28,5,52,13
2017-12-29,1,1,0,0,29,6,52,13
2017-12-30,1,1,0,0,30,7,52,13
2017-12-31,1,0,0,1,31,1,53,14
2018-01-01,1,0,1,1,1,2,1,1
2018-01-02,1,0,0,0,2,3,1,1
2018-01-03,0,0,0,0,3,4,1,1
2018-01-04,0,1,0,0,4,5,1,1
2018-01-05,0,1,0,0,5,6,1,1
2018-01-06,0,1,0,0,6,7,1,1
2018-01-07,0,0,0,0,7,1,2,2
2018-01-08,0,0,0,0,8,2,2,2
2018-01-09,0,0,0,0,9,3,2,2
2018-01-10,0,0,0,0,10,4,2,2
2018-01-11,0,1,0,0,11,5,2,2
2018-01-12,0,1,0,0,12,6,2,2
2018-01-13,0,1,0,0,13,7,2,2
2018-01-14,0,0,0,0,14,1,3,3
2018-01-15,0,0,0,0,15,2,3,3
2018-01-16,0,0,0,0,16,3,3,3
2018-01-17,0,0,0,0,17,4,3,3
2018-01-18,0,1,0,0,18,5,3,3
2018-01-19,0,1,0,0,19,6,3,3
2018-01-20,0,1,0,0,20,7,3,3
2018-01-21,0,0,0,0,21,1,4,4
2018-01-22,0,0,0,0,22,2,4,4
2018-01-23,0,0,0,0,23,3,4,4
2018-01-24,0,0,0,0,24,4,4,4
2018-01-25,1,1,0,0,25,5,4,4
2018-01-26,1,1,0,0,26,6,4,4
2018-01-27,1,1,0,0,27,7,4,4
2018-01-28,1,0,0,0,28,1,5,5
2018-01-29,1,0,0,0,29,2,5,5
2018-01-30,1,0,0,0,30,3,5,5
2018-01-31,1,0,0,0,31,4,5,5
2018-02-01,1,1,0,0,1,5,5,5
2018-02-02,1,1,0,0,2,6,5,5
2018-02-03,0,1,0,0,3,7,5,5
2018-02-04,0,0,0,0,4,1,6,6
2018-02-05,0,0,0,0,5,2,6,6
2018-02-06,0,0,0,0,6,3,6,6
2018-02-07,0,0,0,0,7,4,6,6
2018-02-08,0,1,0,0,8,5,6,6
2018-02-09,0,1,0,0,9,6,6,6
2018-02-10,0,1,0,0,10,7,6,6
2018-02-11,0,0,0,0,11,1,7,7
2018-02-12,0,0,0,0,12,2,7,7
2018-02-13,0,0,0,0,13,3,7,7
2018-02-14,0,0,0,0,14,4,7,7
2018-02-15,0,1,0,0,15,5,7,7
2018-02-16,0,1,0,0,16,6,7,7
2018-02-17,0,1,0,0,17,7,7,7
2018-02-18,0,0,0,0,18,1,8,8
2018-02-19,0,0,0,0,19,2,8,8
2018-02-20,0,0,0,0,20,3,8,8
2018-02-21,0,0,0,0,21,4,8,8
2018-02-22,0,1,0,0,22,5,8,8
2018-02-23,0,1,0,0,23,6,8,8
2018-02-24,0,1,0,0,24,7,8,8
2018-02-25,1,0,0,0,25,1,9,9
2018-02-26,1,0,0,0,26,2,9,9
2018-02-27,1,0,0,0,27,3,9,9
2018-02-28,1,0,0,0,28,4,9,9
2018-03-01,1,1,0,0,1,5,9,9
2018-03-02,1,1,0,0,2,6,9,9
2018-03-03,0,1,0,0,3,7,9,9
2018-03-04,0,0,0,0,4,1,10,10
2018-03-05,0,0,0,0,5,2,10,10
2018-03-06,0,0,0,0,6,3,10,10
2018-03-07,0,0,0,0,7,4,10,10
2018-03-08,0,1,0,0,8,5,10,10
2018-03-09,0,1,0,0,9,6,10,10
2018-03-10,0,1,0,0,10,7,10,10
2018-03-11,0,0,0,0,11,1,11,11
2018-03-12,0,0,0,0,12,2,11,11
2018-03-13,0,0,0,0,13,3,11,11
2018-03-14,0,0,0,0,14,4,11,11
2018-03-15,0,1,0,0,15,5,11,11
2018-03-16,0,1,0,0,16,6,11,11
2018-03-17,0,1,0,0,17,7,11,11
2018-03-18,0,0,0,0,18,1,12,12
2018-03-19,0,0,0,0,19,2,12,12
2018-03-20,0,0,0,0,20,3,12,12
2018-03-21,0,0,0,0,21,4,12,12
2018-03-22,0,1,0,0,22,5,12,12
2018-03-23,0,1,0,0,23,6,12,12
2018-03-24,0,1,0,0,24,7,12,12
2018-03-25,1,0,0,0,25,1,13,13
2018-03-26,1,0,0,0,26,2,13,13
2018-03-27,1,0,0,0,27,3,13,13
2018-03-28,1,0,0,0,28,4,13,13
2018-03-29,1,1,0,0,29,5,13,13
2018-03-30,1,1,0,0,30,6,13,13
2018-03-31,1,1,0,0,31,7,13,13
2018-04-01,1,0,0,0,1,1,14,1
2018-04-02,1,0,0,0,2,2,14,1
2018-04-03,0,0,0,0,3,3,14,1
2018-04-04,0,0,0,0,4,4,14,1
2018-04-05,0,1,0,0,5,5,14,1
2018-04-06,0,1,0,0,6,6,14,1
2018-04-07,0,1,0,0,7,7,14,1
2018-04-08,0,0,0,0,8,1,15,2
2018-04-09,0,0,0,0,9,2,15,2
2018-04-10,0,0,0,0,10,3,15,2
2018-04-11,0,0,0,0,11,4,15,2
2018-04-12,0,1,0,0,12,5,15,2
2018-04-13,0,1,1,1,13,6,15,2
2018-04-14,0,1,0,0,14,7,15,2
2018-04-15,0,0,0,0,15,1,16,3
2018-04-16,0,0,0,0,16,2,16,3
2018-04-17,0,0,0,0,17,3,16,3
2018-04-18,0,0,0,0,18,4,16,3
2018-04-19,0,1,0,0,19,5,16,3
2018-04-20,0,1,0,0,20,6,16,3
2018-04-21,0,1,0,0,21,7,16,3
2018-04-22,0,0,0,0,22,1,17,4
2018-04-23,0,0,0,0,23,2,17,4
2018-04-24,0,0,0,0,24,3,17,4
2018-04-25,1,0,0,0,25,4,17,4
2018-04-26,1,1,0,0,26,5,17,4
2018-04-27,1,1,0,0,27,6,17,4
2018-04-28,1,1,0,0,28,7,17,4
2018-04-29,1,0,0,0,29,1,18,5
2018-04-30,1,0,0,0,30,2,18,5
2018-05-01,1,0,0,0,1,3,18,5
2018-05-02,1,0,0,0,2,4,18,5
2018-05-03,0,1,0,0,3,5,18,5
2018-05-04,0,1,0,0,4,6,18,5
2018-05-05,0,1,0,0,5,7,18,5
2018-05-06,0,0,0,0,6,1,19,6
2018-05-07,0,0,0,0,7,2,19,6
2018-05-08,0,0,0,0,8,3,19,6
2018-05-09,0,0,0,0,9,4,19,6
2018-05-10,0,1,0,0,10,5,19,6
2018-05-11,0,1,0,0,11,6,19,6
2018-05-12,0,1,0,0,12,7,19,6
2018-05-13,0,0,0,0,13,1,20,7
2018-05-14,0,0,0,0,14,2,20,7
2018-05-15,0,0,0,1,15,3,20,7
2018-05-16,0,0,0,1,16,4,20,7
2018-05-17,0,1,0,1,17,5,20,7
2018-05-18,0,1,0,1,18,6,20,7
2018-05-19,0,1,0,1,19,7,20,7
2018-05-20,0,0,0,1,20,1,21,8
2018-05-21,0,0,0,1,21,2,21,8
2018-05-22,0,0,0,1,22,3,21,8
2018-05-23,0,0,0,1,23,4,21,8
2018-05-24,0,1,0,1,24,5,21,8
2018-05-25,1,1,0,1,25,6,21,8
2018-05-26,1,1,0,1,26,7,21,8
2018-05-27,1,0,0,1,27,1,22,9
2018-05-28,1,0,0,1,28,2,22,9
2018-05-29,1,0,0,1,29,3,22,9
2018-05-30,1,0,0,1,30,4,22,9
2018-05-31,1,1,0,1,31,5,22,9
2018-06-01,1,1,0,1,1,6,22,9
2018-06-02,1,1,0,1,2,7,22,9
2018-06-03,0,0,0,1,3,1,23,10
2018-06-04,0,0,0,1,4,2,23,10
2018-06-05,0,0,0,1,5,3,23,10
2018-06-06,0,0,0,1,6,4,23,10
2018-06-07,0,1,0,1,7,5,23,10
2018-06-08,0,1,0,1,8,6,23,10
2018-06-09,0,1,0,1,9,7,23,10
2018-06-10,0,0,0,1,10,1,24,11
2018-06-11,0,0,0,1,11,2,24,11
2018-06-12,0,0,0,1,12,3,24,11
2018-06-13,0,0,0,1,13,4,24,11
2018-06-14,0,1,1,1,14,5,24,11
2018-06-15,0,1,1,1,15,6,24,11
2018-06-16,0,1,1,1,16,7,24,11
2018-06-17,0,0,0,0,17,1,25,12
2018-06-18,0,0,0,0,18,2,25,12
2018-06-19,0,0,0,0,19,3,25,12
2018-06-20,0,0,0,0,20,4,25,12
2018-06-21,0,1,0,0,21,5,25,12
2018-06-22,0,1,0,0,22,6,25,12
2018-06-23,0,1,0,0,23,7,25,12
2018-06-24,0,0,0,0,24,1,26,13
2018-06-25,1,0,0,0,25,2,26,13
2018-06-26,1,0,0,0,26,3,26,13
2018-06-27,1,0,0,0,27,4,26,13
2018-06-28,1,1,0,0,28,5,26,13
2018-06-29,1,1,0,0,29,6,26,13
2018-06-30,1,1,0,0,30,7,26,13
2018-07-01,1,0,0,0,1,1,27,1
2018-07-02,1,0,0,0,2,2,27,1
2018-07-03,0,0,0,0,3,3,27,1
2018-07-04,0,0,0,0,4,4,27,1
2018-07-05,0,1,0,0,5,5,27,1
2018-07-06,0,1,0,0,6,6,27,1
2018-07-07,0,1,0,0,7,7,27,1
2018-07-08,0,0,0,0,8,1,28,2
2018-07-09,0,0,0,0,9,2,28,2
2018-07-10,0,0,0,0,10,3,28,2
2018-07-11,0,0,0,0,11,4,28,2
2018-07-12,0,1,0,0,12,5,28,2
2018-07-13,0,1,0,0,13,6,28,2
2018-07-14,0,1,0,0,14,7,28,2
2018-07-15,0,0,0,0,15,1,29,3
2018-07-16,0,0,0,0,16,2,29,3
2018-07-17,0,0,0,0,17,3,29,3
2018-07-18,0,0,0,0,18,4,29,3
2018-07-19,0,1,0,0,19,5,29,3
2018-07-20,0,1,0,0,20,6,29,3
2018-07-21,0,1,0,0,21,7,29,3
2018-07-22,0,0,0,0,22,1,30,4
2018-07-23,0,0,0,0,23,2,30,4
2018-07-24,0,0,0,0,24,3,30,4
2018-07-25,1,0,0,0,25,4,30,4
2018-07-26,1,1,0,0,26,5,30,4
2018-07-27,1,1,0,0,27,6,30,4
2018-07-28,1,1,0,0,28,7,30,4
2018-07-29,1,0,0,0,29,1,31,5
2018-07-30,1,0,0,0,30,2,31,5
2018-07-31,1,0,0,0,31,3,31,5
2018-08-01,1,0,0,0,1,4,31,5
2018-08-02,1,1,0,0,2,5,31,5
2018-08-03,0,1,0,0,3,6,31,5
2018-08-04,0,1,0,0,4,7,31,5
2018-08-05,0,0,0,0,5,1,32,6
2018-08-06,0,0,0,0,6,2,32,6
2018-08-07,0,0,0,0,7,3,32,6
2018-08-08,0,0,0,0,8,4,32,6
2018-08-09,0,1,0,0,9,5,32,6
2018-08-10,0,1,0,0,10,6,32,6
2018-08-11,0,1,0,0,11,7,32,6
2018-08-12,0,0,0,0,12,1,33,7
2018-08-13,0,0,0,0,13,2,33,7
2018-08-14,0,0,0,0,14,3,33,7
2018-08-15,0,0,0,0,15,4,33,7
2018-08-16,0,1,0,0,16,5,33,7
2018-08-17,0,1,0,0,17,6,33,7
2018-08-18,0,1,0,0,18,7,33,7
2018-08-19,0,0,0,0,19,1,34,8
2018-08-20,0,0,1,1,20,2,34,8
2018-08-21,0,0,1,1,21,3,34,8
2018-08-22,0,0,1,1,22,4,34,8
2018-08-23,0,1,1,1,23,5,34,8
2018-08-24,0,1,0,0,24,6,34,8
2018-08-25,1,1,0,0,25,7,34,8
2018-08-26,1,0,0,0,26,1,35,9
2018-08-27,1,0,0,0,27,2,35,9
2018-08-28,1,0,0,0,28,3,35,9
2018-08-29,1,0,0,0,29,4,35,9
2018-08-30,1,1,0,0,30,5,35,9
2018-08-31,1,1,0,0,31,6,35,9
2018-09-01,1,1,0,0,1,7,35,9
2018-09-02,1,0,0,0,2,1,36,10
2018-09-03,0,0,0,0,3,2,36,10
2018-09-04,0,0,0,0,4,3,36,10
2018-09-05,0,0,0,0,5,4,36,10
2018-09-06,0,1,0,0,6,5,36,10
2018-09-07,0,1,0,0,7,6,36,10
2018-09-08,0,1,0,0,8,7,36,10
2018-09-09,0,0,0,0,9,1,37,11
2018-09-10,0,0,0,0,10,2,37,11
2018-09-11,0,0,0,0,11,3,37,11
2018-09-12,0,0,0,0,12,4,37,11
2018-09-13,0,1,1,1,13,5,37,11
2018-09-14,0,1,0,0,14,6,37,11
2018-09-15,0,1,0,0,15,7,37,11
2018-09-16,0,0,0,0,16,1,38,12
2018-09-17,0,0,0,0,17,2,38,12
2018-09-18,0,0,0,0,18,3,38,12
2018-09-19,0,0,0,0,19,4,38,12
2018-09-20,0,1,0,0,20,5,38,12
2018-09-21,0,1,0,0,21,6,38,12
2018-09-22,0,1,0,0,22,7,38,12
2018-09-23,0,0,0,0,23,1,39,13
2018-09-24,0,0,0,0,24,2,39,13
2018-09-25,1,0,0,0,25,3,39,13
2018-09-26,1,0,0,0,26,4,39,13
2018-09-27,1,1,0,0,27,5,39,13
2018-09-28,1,1,0,0,28,6,39,13
2018-09-29,1,1,0,0,29,7,39,13
2018-09-30,1,0,0,0,30,1,40,14
2018-10-01,1,0,0,0,1,2,40,1
2018-10-02,1,0,0,0,2,3,40,1
2018-10-03,0,0,0,0,3,4,40,1
2018-10-04,0,1,0,0,4,5,40,1
2018-10-05,0,1,0,0,5,6,40,1
2018-10-06,0,1,0,0,6,7,40,1
2018-10-07,0,0,0,0,7,1,41,2
2018-10-08,0,0,0,0,8,2,41,2
2018-10-09,0,0,0,0,9,3,41,2
2018-10-10,0,0,0,0,10,4,41,2
2018-10-11,0,1,0,0,11,5,41,2
2018-10-12,0,1,0,0,12,6,41,2
2018-10-13,0,1,0,0,13,7,41,2
2018-10-14,0,0,0,0,14,1,42,3
2018-10-15,0,0,0,0,15,2,42,3
2018-10-16,0,0,0,0,16,3,42,3
2018-10-17,0,0,0,0,17,4,42,3
2018-10-18,0,1,0,0,18,5,42,3
2018-10-19,0,1,0,0,19,6,42,3
2018-10-20,0,1,0,0,20,7,42,3
2018-10-21,0,0,0,0,21,1,43,4
2018-10-22,0,0,0,0,22,2,43,4
2018-10-23,0,0,0,0,23,3,43,4
2018-10-24,0,0,0,0,24,4,43,4
2018-10-25,1,1,0,0,25,5,43,4
2018-10-26,1,1,0,0,26,6,43,4
2018-10-27,1,1,0,0,27,7,43,4
2018-10-28,1,0,0,0,28,1,44,5
2018-10-29,1,0,0,0,29,2,44,5
2018-10-30,1,0,0,0,30,3,44,5
2018-10-31,1,0,0,1,31,4,44,5
2018-11-01,1,1,0,0,1,5,44,5
2018-11-02,1,1,0,0,2,6,44,5
2018-11-03,0,1,0,0,3,7,44,5
2018-11-04,0,0,0,0,4,1,45,6
2018-11-05,0,0,0,0,5,2,45,6
2018-11-06,0,0,0,0,6,3,45,6
2018-11-07,0,0,0,1,7,4,45,6
2018-11-08,0,1,0,0,8,5,45,6
2018-11-09,0,1,0,0,9,6,45,6
2018-11-10,0,1,0,0,10,7,45,6
2018-11-11,0,0,0,0,11,1,46,7
2018-11-12,0,0,0,0,12,2,46,7
2018-11-13,0,0,0,0,13,3,46,7
2018-11-14,0,0,0,0,14,4,46,7
2018-11-15,0,1,0,0,15,5,46,7
2018-11-16,0,1,0,0,16,6,46,7
2018-11-17,0,1,0,0,17,7,46,7
2018-11-18,0,0,1,1,18,1,47,8
2018-11-19,0,0,0,0,19,2,47,8
2018-11-20,0,0,1,1,20,3,47,8
2018-11-21,0,0,0,0,21,4,47,8
2018-11-22,0,1,0,1,22,5,47,8
2018-11-23,0,1,0,1,23,6,47,8
2018-11-24,0,1,0,0,24,7,47,8
2018-11-25,1,0,0,0,25,1,48,9
2018-11-26,1,0,0,0,26,2,48,9
2018-11-27,1,0,0,0,27,3,48,9
2018-11-28,1,0,0,0,28,4,48,9
2018-11-29,1,1,0,0,29,5,48,9
2018-11-30,1,1,1,1,30,6,48,9
2018-12-01,1,1,0,0,1,7,48,9
2018-12-02,1,0,1,1,2,1,49,10
2018-12-03,0,0,1,1,3,2,49,10
2018-12-04,0,0,0,0,4,3,49,10
2018-12-05,0,0,0,0,5,4,49,10
2018-12-06,0,1,0,0,6,5,49,10
2018-12-07,0,1,0,0,7,6,49,10
2018-12-08,0,1,0,0,8,7,49,10
2018-12-09,0,0,0,0,9,1,50,11
2018-12-10,0,0,0,0,10,2,50,11
2018-12-11,0,0,0,0,11,3,50,11
2018-12-12,0,0,0,0,12,4,50,11
2018-12-13,0,1,0,0,13,5,50,11
2018-12-14,0,1,0,0,14,6,50,11
2018-12-15,0,1,0,0,15,7,50,11
2018-12-16,0,0,0,0,16,1,51,12
2018-12-17,0,0,0,0,17,2,51,12
2018-12-18,0,0,0,0,18,3,51,12
2018-12-19,0,0,0,0,19,4,51,12
2018-12-20,0,1,0,0,20,5,51,12
2018-12-21,0,1,0,0,21,6,51,12
2018-12-22,0,1,0,0,22,7,51,12
2018-12-23,0,0,0,0,23,1,52,13
2018-12-24,0,0,0,1,24,2,52,13
2018-12-25,1,0,0,1,25,3,52,13
2018-12-26,1,0,0,0,26,4,52,13
2018-12-27,1,1,0,0,27,5,52,13
2018-12-28,1,1,0,0,28,6,52,13
2018-12-29,1,1,0,0,29,7,52,13
2018-12-30,1,0,0,0,30,1,53,14
2018-12-31,1,0,0,1,31,2,53,14
